{
	"save_type":	"global_save",
	"key":	"仮キー名",
	"uk1":	1000,
	"version":	7,
	"uk2":	56,
	"num_ain_globals":	208,
	"group":	"共有データ",
	"globals":	[{
			"name":	"g_lastViewScenario",
			"value":	{
				"array_rank":	1,
				"type":	16,
				"dimensions":	[10],
				"values":	["", "", "", "", "", "", "", "", "", ""]
			}
		}, {
			"name":	"g_common_latestSaveIndex",
			"value":	7
		}, {
			"name":	"g_common_latestAutoSaveIndex",
			"value":	67
		}, {
			"name":	"g_common_globalTimeScaling",
			"value":	{
				"float":	3
			}
		}, {
			"name":	"g_replayFuncList",
			"value":	{
				"array_rank":	1,
				"type":	16,
				"dimensions":	[84],
				"values":	["城下町／プロローグ", "シィル／学生服Ｈ", "忍者／警告", "パルプテンクス／バイブＨ", "パルプテンクス／目隠しＨ", "ネカイ／手コキＨ", "シィル／学生服Ｈ／汎用", "公園／シィル", "公園／シィル／竿／Ｈ前", "シィル／公園Ｈ", "墓地／初回／戦闘後", "メナド／墓地Ｈ", "ウィリス／足コキＨ", "ミリー／強盗", "パルプテンクス／パイズリＨ", "女の子モンスター／ハチ女", "女の子モンスター／ピクシーフォックス", "女の子モンスター／夜のピクシーフォックス", "女の子モンスター／スモッグシルフ", "女の子モンスター／ゾンビエルフ", "女の子モンスター／再生再生ゾンビエルフ", "女の子モンスター／再生再生再生ゾンビエルフ", "女の子モンスター／再生ゾンビエルフ", "忍者／ランチ", "クリン／フェラチオＨ", "カジノ／手／勝負／１勝", "カジノ／手／勝負／２勝", "カジノ／手／勝負／３勝", "カジノ／手／勝負／４勝", "イェリコ／寝る", "ユキ／姉妹Ｈ", "カジノ／手／勝負／５勝", "カジノ／手／勝負／６勝", "カジノ／手／勝負／７勝", "カジノ／手／勝負／８勝", "回想／葉月／ストリップＨ", "葉月／トイレＨ", "シィル／性格反転Ｈ", "ハイジ／パンＨ", "ハイジ／パンＨ／汎用", "ユラン／控え室Ｈ／膣内射精", "ユラン／控え室Ｈ／膣外射精", "奈美／客室Ｈ", "ユラン／輪姦Ｈ", "客室／手／パンツを取る／二回目", "回想／美樹／パンツＨ", "客室／手／パンツを取る／三回目", "客室／手／パンツを取る／はいてない", "回想／美樹／パンツＨ／Ｂ", "屋敷／時計／初回", "パティ／プールＨ", "パティ／クンニＨ", "女の子モンスター／プールポニー", "屋敷／いかの間／初回", "ニウ／拷問Ｈ", "屋敷／カメラ／ニウ", "女の子モンスター／マジスコ", "ミリー／眼鏡Ｈ", "屋敷／小部屋／目／日記／初回", "回想／ラベンダー／拷問Ｈ", "大居室／解放後／竿／リア", "回想／シィル／魔法", "ヒカリ／狂気Ｈ", "女の子モンスター／フィシャースネーク", "女の子モンスター／へびさん", "忍者／指入れＨ", "マリス／命令Ｈ", "アリスの館／アリス／去る", "リア／制裁Ｈ", "リア／大制裁Ｈ", "リア／エピローグ", "エンエン／拷問Ｈ", "屋敷／カメラ／エンエン", "女の子モンスター／集団ハチ女", "女の子モンスター／フィールドリンクス", "女の子モンスター／マジスコレトロ", "女の子モンスター／ビギニングへびさん", "制御／アリスの館", "アリスの館／アリス／ＮＧ集", "客室／手／パンツを取る", "アリスの館／アリス／襲う／二回目", "アリスの館／織音", "アリスの館／魚介", "アリスの館／ＴＡＤＡ"]
			}
		}, {
			"name":	"g_globalGameFlag",
			"value":	{
				"@type":	"GameFlagMap",
				"pair_":	{
					"array_rank":	1,
					"type":	17,
					"dimensions":	[362],
					"values":	[{
							"@type":	"KeyValuePair",
							"key":	"ＣＧ再生／イベント／パルプテンクス／バイブＨ０１",
							"type":	0,
							"valueInt":	1,
							"valueString":	""
						}, {
							"@type":	"KeyValuePair",
							"key":	"ＣＧ再生／イベント／ランス／エンディング０１",
							"type":	0,
							"valueInt":	1,
							"valueString":	""
						}, {
							"@type":	"KeyValuePair",
							"key":	"ＣＧ再生／イベント／リア／大制裁Ｈ０１挿入前",
							"type":	0,
							"valueInt":	1,
							"valueString":	""
						}, {
							"@type":	"KeyValuePair",
							"key":	"ＣＧ再生／イベント／女の子モンスター／ゾンビエルフ",
							"type":	0,
							"valueInt":	5,
							"valueString":	""
						}, {
							"@type":	"KeyValuePair",
							"key":	"ＣＧ再生／イベント／忍者／警告０１",
							"type":	0,
							"valueInt":	1,
							"valueString":	""
						}, {
							"@type":	"KeyValuePair",
							"key":	"ＣＧ再生／イベント／美樹／ダメージ０１",
							"type":	0,
							"valueInt":	4,
							"valueString":	""
						}, {
							"@type":	"KeyValuePair",
							"key":	"ＣＧ再生／イベント／美樹／パンツＨ０１",
							"type":	0,
							"valueInt":	6,
							"valueString":	""
						}, {
							"@type":	"KeyValuePair",
							"key":	"お店を開いた",
							"type":	0,
							"valueInt":	224,
							"valueString":	""
						}, {
							"@type":	"KeyValuePair",
							"key":	"ゲームオーバーがコールされた",
							"type":	0,
							"valueInt":	538,
							"valueString":	""
						}, {
							"@type":	"KeyValuePair",
							"key":	"ゲームクリア",
							"type":	0,
							"valueInt":	1,
							"valueString":	""
						}, {
							"@type":	"KeyValuePair",
							"key":	"チップ取得：CHIP001",
							"type":	0,
							"valueInt":	6,
							"valueString":	""
						}, {
							"@type":	"KeyValuePair",
							"key":	"チップ取得：CHIP005",
							"type":	0,
							"valueInt":	6,
							"valueString":	""
						}, {
							"@type":	"KeyValuePair",
							"key":	"チップ取得：CHIP006",
							"type":	0,
							"valueInt":	6,
							"valueString":	""
						}, {
							"@type":	"KeyValuePair",
							"key":	"チップ取得：CHIP009",
							"type":	0,
							"valueInt":	10,
							"valueString":	""
						}, {
							"@type":	"KeyValuePair",
							"key":	"チップ取得：CHIP017",
							"type":	0,
							"valueInt":	8,
							"valueString":	""
						}, {
							"@type":	"KeyValuePair",
							"key":	"チップ取得：CHIP101",
							"type":	0,
							"valueInt":	4,
							"valueString":	""
						}, {
							"@type":	"KeyValuePair",
							"key":	"チップ取得：CHIP102",
							"type":	0,
							"valueInt":	29,
							"valueString":	""
						}, {
							"@type":	"KeyValuePair",
							"key":	"チップ取得：CHIP103",
							"type":	0,
							"valueInt":	2,
							"valueString":	""
						}, {
							"@type":	"KeyValuePair",
							"key":	"チップ取得：CHIP104",
							"type":	0,
							"valueInt":	1,
							"valueString":	""
						}, {
							"@type":	"KeyValuePair",
							"key":	"チップ取得：CHIP105",
							"type":	0,
							"valueInt":	2,
							"valueString":	""
						}, {
							"@type":	"KeyValuePair",
							"key":	"チップ取得：CHIP106",
							"type":	0,
							"valueInt":	1,
							"valueString":	""
						}, {
							"@type":	"KeyValuePair",
							"key":	"チップ取得：CHIP107",
							"type":	0,
							"valueInt":	48,
							"valueString":	""
						}, {
							"@type":	"KeyValuePair",
							"key":	"チップ取得：CHIP108",
							"type":	0,
							"valueInt":	37,
							"valueString":	""
						}, {
							"@type":	"KeyValuePair",
							"key":	"チップ取得：CHIP109",
							"type":	0,
							"valueInt":	8,
							"valueString":	""
						}, {
							"@type":	"KeyValuePair",
							"key":	"チップ取得：CHIP110",
							"type":	0,
							"valueInt":	1,
							"valueString":	""
						}, {
							"@type":	"KeyValuePair",
							"key":	"チップ取得：CHIP111",
							"type":	0,
							"valueInt":	76,
							"valueString":	""
						}, {
							"@type":	"KeyValuePair",
							"key":	"チップ取得：CHIP112",
							"type":	0,
							"valueInt":	1,
							"valueString":	""
						}, {
							"@type":	"KeyValuePair",
							"key":	"チップ取得：CHIP113",
							"type":	0,
							"valueInt":	17,
							"valueString":	""
						}, {
							"@type":	"KeyValuePair",
							"key":	"チップ取得：CHIP114",
							"type":	0,
							"valueInt":	4,
							"valueString":	""
						}, {
							"@type":	"KeyValuePair",
							"key":	"チップ取得：CHIP115",
							"type":	0,
							"valueInt":	6,
							"valueString":	""
						}, {
							"@type":	"KeyValuePair",
							"key":	"チップ取得：CHIP116",
							"type":	0,
							"valueInt":	5,
							"valueString":	""
						}, {
							"@type":	"KeyValuePair",
							"key":	"チップ取得：CHIP117",
							"type":	0,
							"valueInt":	5,
							"valueString":	""
						}, {
							"@type":	"KeyValuePair",
							"key":	"チップ取得：CHIP118",
							"type":	0,
							"valueInt":	19,
							"valueString":	""
						}, {
							"@type":	"KeyValuePair",
							"key":	"チップ取得：CHIP119",
							"type":	0,
							"valueInt":	12,
							"valueString":	""
						}, {
							"@type":	"KeyValuePair",
							"key":	"チップ取得：CHIP120",
							"type":	0,
							"valueInt":	5,
							"valueString":	""
						}, {
							"@type":	"KeyValuePair",
							"key":	"チップ取得：CHIP121",
							"type":	0,
							"valueInt":	81,
							"valueString":	""
						}, {
							"@type":	"KeyValuePair",
							"key":	"チップ取得：CHIP122",
							"type":	0,
							"valueInt":	11,
							"valueString":	""
						}, {
							"@type":	"KeyValuePair",
							"key":	"チップ取得：CHIP123",
							"type":	0,
							"valueInt":	1,
							"valueString":	""
						}, {
							"@type":	"KeyValuePair",
							"key":	"チップ取得：CHIP124",
							"type":	0,
							"valueInt":	24,
							"valueString":	""
						}, {
							"@type":	"KeyValuePair",
							"key":	"チップ取得：CHIP125",
							"type":	0,
							"valueInt":	315,
							"valueString":	""
						}, {
							"@type":	"KeyValuePair",
							"key":	"チップ取得：CHIP126",
							"type":	0,
							"valueInt":	9,
							"valueString":	""
						}, {
							"@type":	"KeyValuePair",
							"key":	"チップ取得：CHIP127",
							"type":	0,
							"valueInt":	2,
							"valueString":	""
						}, {
							"@type":	"KeyValuePair",
							"key":	"チップ取得：CHIP128",
							"type":	0,
							"valueInt":	47,
							"valueString":	""
						}, {
							"@type":	"KeyValuePair",
							"key":	"チップ取得：CHIP129",
							"type":	0,
							"valueInt":	17,
							"valueString":	""
						}, {
							"@type":	"KeyValuePair",
							"key":	"チップ取得：CHIP130",
							"type":	0,
							"valueInt":	1,
							"valueString":	""
						}, {
							"@type":	"KeyValuePair",
							"key":	"チップ取得：CHIP137",
							"type":	0,
							"valueInt":	1,
							"valueString":	""
						}, {
							"@type":	"KeyValuePair",
							"key":	"チップ取得：CHIP139",
							"type":	0,
							"valueInt":	1,
							"valueString":	""
						}, {
							"@type":	"KeyValuePair",
							"key":	"チップ取得：CHIP142",
							"type":	0,
							"valueInt":	11,
							"valueString":	""
						}, {
							"@type":	"KeyValuePair",
							"key":	"チップ取得：CHIP147",
							"type":	0,
							"valueInt":	1,
							"valueString":	""
						}, {
							"@type":	"KeyValuePair",
							"key":	"チップ取得：CHIP149",
							"type":	0,
							"valueInt":	1,
							"valueString":	""
						}, {
							"@type":	"KeyValuePair",
							"key":	"チップ取得：CHIP201",
							"type":	0,
							"valueInt":	16,
							"valueString":	""
						}, {
							"@type":	"KeyValuePair",
							"key":	"チップ取得：CHIP202",
							"type":	0,
							"valueInt":	8,
							"valueString":	""
						}, {
							"@type":	"KeyValuePair",
							"key":	"チップ取得：CHIP203",
							"type":	0,
							"valueInt":	4,
							"valueString":	""
						}, {
							"@type":	"KeyValuePair",
							"key":	"チップ取得：CHIP204",
							"type":	0,
							"valueInt":	5,
							"valueString":	""
						}, {
							"@type":	"KeyValuePair",
							"key":	"チップ取得：CHIP206",
							"type":	0,
							"valueInt":	11,
							"valueString":	""
						}, {
							"@type":	"KeyValuePair",
							"key":	"チップ取得：CHIP207",
							"type":	0,
							"valueInt":	3,
							"valueString":	""
						}, {
							"@type":	"KeyValuePair",
							"key":	"チップ取得：CHIP208",
							"type":	0,
							"valueInt":	1,
							"valueString":	""
						}, {
							"@type":	"KeyValuePair",
							"key":	"チップ取得：CHIP209",
							"type":	0,
							"valueInt":	4,
							"valueString":	""
						}, {
							"@type":	"KeyValuePair",
							"key":	"チップ取得：CHIP211",
							"type":	0,
							"valueInt":	3,
							"valueString":	""
						}, {
							"@type":	"KeyValuePair",
							"key":	"チップ取得：CHIP212",
							"type":	0,
							"valueInt":	4,
							"valueString":	""
						}, {
							"@type":	"KeyValuePair",
							"key":	"チップ取得：CHIP213",
							"type":	0,
							"valueInt":	3,
							"valueString":	""
						}, {
							"@type":	"KeyValuePair",
							"key":	"チップ取得：CHIP214",
							"type":	0,
							"valueInt":	7,
							"valueString":	""
						}, {
							"@type":	"KeyValuePair",
							"key":	"チップ取得：CHIP216",
							"type":	0,
							"valueInt":	1,
							"valueString":	""
						}, {
							"@type":	"KeyValuePair",
							"key":	"チップ取得：CHIP217",
							"type":	0,
							"valueInt":	1,
							"valueString":	""
						}, {
							"@type":	"KeyValuePair",
							"key":	"チップ取得：CHIP218",
							"type":	0,
							"valueInt":	9,
							"valueString":	""
						}, {
							"@type":	"KeyValuePair",
							"key":	"チップ取得：CHIP219",
							"type":	0,
							"valueInt":	1,
							"valueString":	""
						}, {
							"@type":	"KeyValuePair",
							"key":	"チップ取得：CHIP221",
							"type":	0,
							"valueInt":	17,
							"valueString":	""
						}, {
							"@type":	"KeyValuePair",
							"key":	"チップ取得：CHIP222",
							"type":	0,
							"valueInt":	7,
							"valueString":	""
						}, {
							"@type":	"KeyValuePair",
							"key":	"チップ取得：CHIP223",
							"type":	0,
							"valueInt":	20,
							"valueString":	""
						}, {
							"@type":	"KeyValuePair",
							"key":	"チップ取得：CHIP224",
							"type":	0,
							"valueInt":	5,
							"valueString":	""
						}, {
							"@type":	"KeyValuePair",
							"key":	"チップ取得：CHIP225",
							"type":	0,
							"valueInt":	12,
							"valueString":	""
						}, {
							"@type":	"KeyValuePair",
							"key":	"チップ取得：CHIP226",
							"type":	0,
							"valueInt":	7,
							"valueString":	""
						}, {
							"@type":	"KeyValuePair",
							"key":	"チップ取得：CHIP227",
							"type":	0,
							"valueInt":	7,
							"valueString":	""
						}, {
							"@type":	"KeyValuePair",
							"key":	"チップ取得：CHIP228",
							"type":	0,
							"valueInt":	2,
							"valueString":	""
						}, {
							"@type":	"KeyValuePair",
							"key":	"チップ取得：CHIP301",
							"type":	0,
							"valueInt":	1,
							"valueString":	""
						}, {
							"@type":	"KeyValuePair",
							"key":	"チップ取得：CHIP306",
							"type":	0,
							"valueInt":	7,
							"valueString":	""
						}, {
							"@type":	"KeyValuePair",
							"key":	"チップ取得：CHIP307",
							"type":	0,
							"valueInt":	5,
							"valueString":	""
						}, {
							"@type":	"KeyValuePair",
							"key":	"チップ取得：CHIP311",
							"type":	0,
							"valueInt":	4,
							"valueString":	""
						}, {
							"@type":	"KeyValuePair",
							"key":	"チップ取得：CHIP312",
							"type":	0,
							"valueInt":	2,
							"valueString":	""
						}, {
							"@type":	"KeyValuePair",
							"key":	"チップ取得：CHIP316",
							"type":	0,
							"valueInt":	3,
							"valueString":	""
						}, {
							"@type":	"KeyValuePair",
							"key":	"チップ取得：CHIP317",
							"type":	0,
							"valueInt":	5,
							"valueString":	""
						}, {
							"@type":	"KeyValuePair",
							"key":	"チップ取得：CHIP318",
							"type":	0,
							"valueInt":	2,
							"valueString":	""
						}, {
							"@type":	"KeyValuePair",
							"key":	"チップ取得：CHIP321",
							"type":	0,
							"valueInt":	10,
							"valueString":	""
						}, {
							"@type":	"KeyValuePair",
							"key":	"チップ取得：CHIP322",
							"type":	0,
							"valueInt":	2,
							"valueString":	""
						}, {
							"@type":	"KeyValuePair",
							"key":	"チップ取得：CHIP323",
							"type":	0,
							"valueInt":	1,
							"valueString":	""
						}, {
							"@type":	"KeyValuePair",
							"key":	"チップ取得：CHIP327",
							"type":	0,
							"valueInt":	1,
							"valueString":	""
						}, {
							"@type":	"KeyValuePair",
							"key":	"チップ取得：CHIP328",
							"type":	0,
							"valueInt":	1,
							"valueString":	""
						}, {
							"@type":	"KeyValuePair",
							"key":	"チップ取得：CHIP331",
							"type":	0,
							"valueInt":	65,
							"valueString":	""
						}, {
							"@type":	"KeyValuePair",
							"key":	"チップ取得：CHIP336",
							"type":	0,
							"valueInt":	1,
							"valueString":	""
						}, {
							"@type":	"KeyValuePair",
							"key":	"チップ取得：CHIP347",
							"type":	0,
							"valueInt":	2,
							"valueString":	""
						}, {
							"@type":	"KeyValuePair",
							"key":	"チップ取得：CHIP401",
							"type":	0,
							"valueInt":	14,
							"valueString":	""
						}, {
							"@type":	"KeyValuePair",
							"key":	"チップ取得：CHIP402",
							"type":	0,
							"valueInt":	9,
							"valueString":	""
						}, {
							"@type":	"KeyValuePair",
							"key":	"チップ取得：CHIP406",
							"type":	0,
							"valueInt":	17,
							"valueString":	""
						}, {
							"@type":	"KeyValuePair",
							"key":	"チップ取得：CHIP408",
							"type":	0,
							"valueInt":	1,
							"valueString":	""
						}, {
							"@type":	"KeyValuePair",
							"key":	"チップ取得：CHIP411",
							"type":	0,
							"valueInt":	3,
							"valueString":	""
						}, {
							"@type":	"KeyValuePair",
							"key":	"チップ取得：CHIP412",
							"type":	0,
							"valueInt":	2,
							"valueString":	""
						}, {
							"@type":	"KeyValuePair",
							"key":	"チップ取得：CHIP416",
							"type":	0,
							"valueInt":	3,
							"valueString":	""
						}, {
							"@type":	"KeyValuePair",
							"key":	"チップ取得：CHIP417",
							"type":	0,
							"valueInt":	3,
							"valueString":	""
						}, {
							"@type":	"KeyValuePair",
							"key":	"チップ取得：CHIP421",
							"type":	0,
							"valueInt":	2,
							"valueString":	""
						}, {
							"@type":	"KeyValuePair",
							"key":	"チップ取得：CHIP422",
							"type":	0,
							"valueInt":	7,
							"valueString":	""
						}, {
							"@type":	"KeyValuePair",
							"key":	"チップ取得：CHIP551",
							"type":	0,
							"valueInt":	18,
							"valueString":	""
						}, {
							"@type":	"KeyValuePair",
							"key":	"チップ取得：CHIP552",
							"type":	0,
							"valueInt":	8,
							"valueString":	""
						}, {
							"@type":	"KeyValuePair",
							"key":	"チップ取得：CHIP553",
							"type":	0,
							"valueInt":	3,
							"valueString":	""
						}, {
							"@type":	"KeyValuePair",
							"key":	"チップ取得：CHIP555",
							"type":	0,
							"valueInt":	11,
							"valueString":	""
						}, {
							"@type":	"KeyValuePair",
							"key":	"チップ取得：CHIP557",
							"type":	0,
							"valueInt":	18,
							"valueString":	""
						}, {
							"@type":	"KeyValuePair",
							"key":	"チップ取得：CHIP559",
							"type":	0,
							"valueInt":	8,
							"valueString":	""
						}, {
							"@type":	"KeyValuePair",
							"key":	"チップ取得：CHIP561",
							"type":	0,
							"valueInt":	1,
							"valueString":	""
						}, {
							"@type":	"KeyValuePair",
							"key":	"チップ取得：CHIP563",
							"type":	0,
							"valueInt":	1,
							"valueString":	""
						}, {
							"@type":	"KeyValuePair",
							"key":	"チップ取得：CHIP565",
							"type":	0,
							"valueInt":	21,
							"valueString":	""
						}, {
							"@type":	"KeyValuePair",
							"key":	"チップ取得：CHIP567",
							"type":	0,
							"valueInt":	4,
							"valueString":	""
						}, {
							"@type":	"KeyValuePair",
							"key":	"チップ取得：CHIP569",
							"type":	0,
							"valueInt":	7,
							"valueString":	""
						}, {
							"@type":	"KeyValuePair",
							"key":	"チップ取得：CHIP570",
							"type":	0,
							"valueInt":	8,
							"valueString":	""
						}, {
							"@type":	"KeyValuePair",
							"key":	"チップ取得：CHIP571",
							"type":	0,
							"valueInt":	28,
							"valueString":	""
						}, {
							"@type":	"KeyValuePair",
							"key":	"チップ取得：CHIP573",
							"type":	0,
							"valueInt":	11,
							"valueString":	""
						}, {
							"@type":	"KeyValuePair",
							"key":	"チップ取得：CHIP575",
							"type":	0,
							"valueInt":	1,
							"valueString":	""
						}, {
							"@type":	"KeyValuePair",
							"key":	"チップ取得：CHIP577",
							"type":	0,
							"valueInt":	5,
							"valueString":	""
						}, {
							"@type":	"KeyValuePair",
							"key":	"チップ取得：CHIP578",
							"type":	0,
							"valueInt":	5,
							"valueString":	""
						}, {
							"@type":	"KeyValuePair",
							"key":	"チップ取得：CHIP579",
							"type":	0,
							"valueInt":	2,
							"valueString":	""
						}, {
							"@type":	"KeyValuePair",
							"key":	"チップ取得：CHIP580",
							"type":	0,
							"valueInt":	5,
							"valueString":	""
						}, {
							"@type":	"KeyValuePair",
							"key":	"チップ取得：CHIP581",
							"type":	0,
							"valueInt":	7,
							"valueString":	""
						}, {
							"@type":	"KeyValuePair",
							"key":	"チップ取得：CHIP582",
							"type":	0,
							"valueInt":	56,
							"valueString":	""
						}, {
							"@type":	"KeyValuePair",
							"key":	"チップ取得：CHIP583",
							"type":	0,
							"valueInt":	20,
							"valueString":	""
						}, {
							"@type":	"KeyValuePair",
							"key":	"チップ取得：CHIP584",
							"type":	0,
							"valueInt":	6,
							"valueString":	""
						}, {
							"@type":	"KeyValuePair",
							"key":	"チップ取得：CHIP586",
							"type":	0,
							"valueInt":	3,
							"valueString":	""
						}, {
							"@type":	"KeyValuePair",
							"key":	"チップ取得：CHIP587",
							"type":	0,
							"valueInt":	63,
							"valueString":	""
						}, {
							"@type":	"KeyValuePair",
							"key":	"チップ取得：CHIP590",
							"type":	0,
							"valueInt":	69,
							"valueString":	""
						}, {
							"@type":	"KeyValuePair",
							"key":	"チップ取得：CHIP591",
							"type":	0,
							"valueInt":	6,
							"valueString":	""
						}, {
							"@type":	"KeyValuePair",
							"key":	"チップ取得：CHIP592",
							"type":	0,
							"valueInt":	7,
							"valueString":	""
						}, {
							"@type":	"KeyValuePair",
							"key":	"チップ取得：CHIP593",
							"type":	0,
							"valueInt":	22,
							"valueString":	""
						}, {
							"@type":	"KeyValuePair",
							"key":	"チップ取得：CHIP594",
							"type":	0,
							"valueInt":	15,
							"valueString":	""
						}, {
							"@type":	"KeyValuePair",
							"key":	"チップ取得：CHIP595",
							"type":	0,
							"valueInt":	22,
							"valueString":	""
						}, {
							"@type":	"KeyValuePair",
							"key":	"チップ取得：CHIP597",
							"type":	0,
							"valueInt":	72,
							"valueString":	""
						}, {
							"@type":	"KeyValuePair",
							"key":	"チップ取得：CHIP599",
							"type":	0,
							"valueInt":	8,
							"valueString":	""
						}, {
							"@type":	"KeyValuePair",
							"key":	"チップ取得：CHIP600",
							"type":	0,
							"valueInt":	10,
							"valueString":	""
						}, {
							"@type":	"KeyValuePair",
							"key":	"チップ取得：CHIP601",
							"type":	0,
							"valueInt":	7,
							"valueString":	""
						}, {
							"@type":	"KeyValuePair",
							"key":	"チップ取得：CHIP602",
							"type":	0,
							"valueInt":	14,
							"valueString":	""
						}, {
							"@type":	"KeyValuePair",
							"key":	"チップ取得：CHIP603",
							"type":	0,
							"valueInt":	14,
							"valueString":	""
						}, {
							"@type":	"KeyValuePair",
							"key":	"チップ取得：CHIP604",
							"type":	0,
							"valueInt":	9,
							"valueString":	""
						}, {
							"@type":	"KeyValuePair",
							"key":	"チップ取得：CHIP605",
							"type":	0,
							"valueInt":	8,
							"valueString":	""
						}, {
							"@type":	"KeyValuePair",
							"key":	"チップ取得：CHIP606",
							"type":	0,
							"valueInt":	6,
							"valueString":	""
						}, {
							"@type":	"KeyValuePair",
							"key":	"チップ取得：CHIP607",
							"type":	0,
							"valueInt":	5,
							"valueString":	""
						}, {
							"@type":	"KeyValuePair",
							"key":	"チップ取得：CHIP608",
							"type":	0,
							"valueInt":	5,
							"valueString":	""
						}, {
							"@type":	"KeyValuePair",
							"key":	"チップ取得：CHIP609",
							"type":	0,
							"valueInt":	3,
							"valueString":	""
						}, {
							"@type":	"KeyValuePair",
							"key":	"チップ取得：CHIP621",
							"type":	0,
							"valueInt":	43,
							"valueString":	""
						}, {
							"@type":	"KeyValuePair",
							"key":	"チップ取得：CHIP622",
							"type":	0,
							"valueInt":	10,
							"valueString":	""
						}, {
							"@type":	"KeyValuePair",
							"key":	"チップ取得：CHIP623",
							"type":	0,
							"valueInt":	1,
							"valueString":	""
						}, {
							"@type":	"KeyValuePair",
							"key":	"チップ取得：CHIP624",
							"type":	0,
							"valueInt":	10,
							"valueString":	""
						}, {
							"@type":	"KeyValuePair",
							"key":	"チップ取得：CHIP625",
							"type":	0,
							"valueInt":	10,
							"valueString":	""
						}, {
							"@type":	"KeyValuePair",
							"key":	"チップ取得：CHIP626",
							"type":	0,
							"valueInt":	22,
							"valueString":	""
						}, {
							"@type":	"KeyValuePair",
							"key":	"チップ取得：CHIP627",
							"type":	0,
							"valueInt":	52,
							"valueString":	""
						}, {
							"@type":	"KeyValuePair",
							"key":	"チップ取得：CHIP628",
							"type":	0,
							"valueInt":	6,
							"valueString":	""
						}, {
							"@type":	"KeyValuePair",
							"key":	"ハニメシ",
							"type":	0,
							"valueInt":	16,
							"valueString":	""
						}, {
							"@type":	"KeyValuePair",
							"key":	"ボーナス／なさけむよう",
							"type":	0,
							"valueInt":	1203,
							"valueString":	""
						}, {
							"@type":	"KeyValuePair",
							"key":	"ボーナス／なさけむよう★",
							"type":	0,
							"valueInt":	157,
							"valueString":	""
						}, {
							"@type":	"KeyValuePair",
							"key":	"ボーナス／テクニカルK.O.",
							"type":	0,
							"valueInt":	116,
							"valueString":	""
						}, {
							"@type":	"KeyValuePair",
							"key":	"ボーナス／パンチング",
							"type":	0,
							"valueInt":	374,
							"valueString":	""
						}, {
							"@type":	"KeyValuePair",
							"key":	"ボーナス／フィーバー！",
							"type":	0,
							"valueInt":	12,
							"valueString":	""
						}, {
							"@type":	"KeyValuePair",
							"key":	"ボーナス／一撃でクリア",
							"type":	0,
							"valueInt":	867,
							"valueString":	""
						}, {
							"@type":	"KeyValuePair",
							"key":	"ボーナス／死中に活あり",
							"type":	0,
							"valueInt":	4,
							"valueString":	""
						}, {
							"@type":	"KeyValuePair",
							"key":	"ボーナス／守銭奴",
							"type":	0,
							"valueInt":	680,
							"valueString":	""
						}, {
							"@type":	"KeyValuePair",
							"key":	"ボーナス／身体づくりゴー(EXP)",
							"type":	0,
							"valueInt":	62,
							"valueString":	""
						}, {
							"@type":	"KeyValuePair",
							"key":	"ボーナス／戦闘狂(EXP)",
							"type":	0,
							"valueInt":	562,
							"valueString":	""
						}, {
							"@type":	"KeyValuePair",
							"key":	"ボーナス／長期戦を制す",
							"type":	0,
							"valueInt":	250,
							"valueString":	""
						}, {
							"@type":	"KeyValuePair",
							"key":	"ボーナス／夜間割増",
							"type":	0,
							"valueInt":	896,
							"valueString":	""
						}, {
							"@type":	"KeyValuePair",
							"key":	"ボーナス／余力ありまくり",
							"type":	0,
							"valueInt":	2229,
							"valueString":	""
						}, {
							"@type":	"KeyValuePair",
							"key":	"マニュアルを開いた",
							"type":	0,
							"valueInt":	1,
							"valueString":	""
						}, {
							"@type":	"KeyValuePair",
							"key":	"音楽モード[Rance (01)]再生",
							"type":	0,
							"valueInt":	1,
							"valueString":	""
						}, {
							"@type":	"KeyValuePair",
							"key":	"音楽モード[見積り無料 (平成元年)]再生",
							"type":	0,
							"valueInt":	1,
							"valueString":	""
						}, {
							"@type":	"KeyValuePair",
							"key":	"音楽モード[来たら、倒される (1989)]再生",
							"type":	0,
							"valueInt":	1,
							"valueString":	""
						}, {
							"@type":	"KeyValuePair",
							"key":	"音楽再生[Rance (01)]",
							"type":	0,
							"valueInt":	35,
							"valueString":	""
						}, {
							"@type":	"KeyValuePair",
							"key":	"音楽再生[synmiry through]",
							"type":	0,
							"valueInt":	50,
							"valueString":	""
						}, {
							"@type":	"KeyValuePair",
							"key":	"音楽再生[うみーーーー！！]",
							"type":	0,
							"valueInt":	203,
							"valueString":	""
						}, {
							"@type":	"KeyValuePair",
							"key":	"音楽再生[おおあたり香港マカオ]",
							"type":	0,
							"valueInt":	38,
							"valueString":	""
						}, {
							"@type":	"KeyValuePair",
							"key":	"音楽再生[かわいいのでてきた]",
							"type":	0,
							"valueInt":	703,
							"valueString":	""
						}, {
							"@type":	"KeyValuePair",
							"key":	"音楽再生[きいろいくちばしのからす]",
							"type":	0,
							"valueInt":	117,
							"valueString":	""
						}, {
							"@type":	"KeyValuePair",
							"key":	"音楽再生[だれか死にそう]",
							"type":	0,
							"valueInt":	102,
							"valueString":	""
						}, {
							"@type":	"KeyValuePair",
							"key":	"音楽再生[どエロ]",
							"type":	0,
							"valueInt":	421,
							"valueString":	""
						}, {
							"@type":	"KeyValuePair",
							"key":	"音楽再生[また明日]",
							"type":	0,
							"valueInt":	522,
							"valueString":	""
						}, {
							"@type":	"KeyValuePair",
							"key":	"音楽再生[アリスのテーマ]",
							"type":	0,
							"valueInt":	1,
							"valueString":	""
						}, {
							"@type":	"KeyValuePair",
							"key":	"音楽再生[ゴー緑色ゴー]",
							"type":	0,
							"valueInt":	871,
							"valueString":	""
						}, {
							"@type":	"KeyValuePair",
							"key":	"音楽再生[ダンジョンくらい]",
							"type":	0,
							"valueInt":	1148,
							"valueString":	""
						}, {
							"@type":	"KeyValuePair",
							"key":	"音楽再生[ダンジョンこわい]",
							"type":	0,
							"valueInt":	696,
							"valueString":	""
						}, {
							"@type":	"KeyValuePair",
							"key":	"音楽再生[ランランランス (Mk.I)]",
							"type":	0,
							"valueInt":	75,
							"valueString":	""
						}, {
							"@type":	"KeyValuePair",
							"key":	"音楽再生[ランランランス]",
							"type":	0,
							"valueInt":	1205,
							"valueString":	""
						}, {
							"@type":	"KeyValuePair",
							"key":	"音楽再生[ロイヤルチェイサー]",
							"type":	0,
							"valueInt":	341,
							"valueString":	""
						}, {
							"@type":	"KeyValuePair",
							"key":	"音楽再生[過ぎし条理の使者]",
							"type":	0,
							"valueInt":	1462,
							"valueString":	""
						}, {
							"@type":	"KeyValuePair",
							"key":	"音楽再生[我が栄光]",
							"type":	0,
							"valueInt":	61,
							"valueString":	""
						}, {
							"@type":	"KeyValuePair",
							"key":	"音楽再生[見積り無料 (平成元年)]",
							"type":	0,
							"valueInt":	26,
							"valueString":	""
						}, {
							"@type":	"KeyValuePair",
							"key":	"音楽再生[見積り無料]",
							"type":	0,
							"valueInt":	38,
							"valueString":	""
						}, {
							"@type":	"KeyValuePair",
							"key":	"音楽再生[殺死亜無]",
							"type":	0,
							"valueInt":	186,
							"valueString":	""
						}, {
							"@type":	"KeyValuePair",
							"key":	"音楽再生[千日前レジャービル]",
							"type":	0,
							"valueInt":	34,
							"valueString":	""
						}, {
							"@type":	"KeyValuePair",
							"key":	"音楽再生[素晴らしい致死量]",
							"type":	0,
							"valueInt":	205,
							"valueString":	""
						}, {
							"@type":	"KeyValuePair",
							"key":	"音楽再生[非武装時間]",
							"type":	0,
							"valueInt":	69,
							"valueString":	""
						}, {
							"@type":	"KeyValuePair",
							"key":	"音楽再生[来たら、倒される (1989)]",
							"type":	0,
							"valueInt":	3,
							"valueString":	""
						}, {
							"@type":	"KeyValuePair",
							"key":	"音楽再生[来たら、倒される]",
							"type":	0,
							"valueInt":	200,
							"valueString":	""
						}, {
							"@type":	"KeyValuePair",
							"key":	"音楽再生[来たら、倒す]",
							"type":	0,
							"valueInt":	2089,
							"valueString":	""
						}, {
							"@type":	"KeyValuePair",
							"key":	"回想再生／イェリコ／寝る",
							"type":	0,
							"valueInt":	1,
							"valueString":	""
						}, {
							"@type":	"KeyValuePair",
							"key":	"回想再生／ウィリス／足コキＨ",
							"type":	0,
							"valueInt":	1,
							"valueString":	""
						}, {
							"@type":	"KeyValuePair",
							"key":	"回想再生／エンエン／拷問Ｈ",
							"type":	0,
							"valueInt":	1,
							"valueString":	""
						}, {
							"@type":	"KeyValuePair",
							"key":	"回想再生／クリン／フェラチオＨ",
							"type":	0,
							"valueInt":	1,
							"valueString":	""
						}, {
							"@type":	"KeyValuePair",
							"key":	"回想再生／シィル／学生服Ｈ",
							"type":	0,
							"valueInt":	1,
							"valueString":	""
						}, {
							"@type":	"KeyValuePair",
							"key":	"回想再生／シィル／公園Ｈ",
							"type":	0,
							"valueInt":	1,
							"valueString":	""
						}, {
							"@type":	"KeyValuePair",
							"key":	"回想再生／シィル／性格反転Ｈ",
							"type":	0,
							"valueInt":	1,
							"valueString":	""
						}, {
							"@type":	"KeyValuePair",
							"key":	"回想再生／ニウ／拷問Ｈ",
							"type":	0,
							"valueInt":	1,
							"valueString":	""
						}, {
							"@type":	"KeyValuePair",
							"key":	"回想再生／ネカイ／手コキＨ",
							"type":	0,
							"valueInt":	1,
							"valueString":	""
						}, {
							"@type":	"KeyValuePair",
							"key":	"回想再生／ハイジ／パンＨ",
							"type":	0,
							"valueInt":	1,
							"valueString":	""
						}, {
							"@type":	"KeyValuePair",
							"key":	"回想再生／パティ／クンニＨ",
							"type":	0,
							"valueInt":	1,
							"valueString":	""
						}, {
							"@type":	"KeyValuePair",
							"key":	"回想再生／パティ／プールＨ",
							"type":	0,
							"valueInt":	1,
							"valueString":	""
						}, {
							"@type":	"KeyValuePair",
							"key":	"回想再生／パルプテンクス／バイブＨ",
							"type":	0,
							"valueInt":	1,
							"valueString":	""
						}, {
							"@type":	"KeyValuePair",
							"key":	"回想再生／パルプテンクス／パイズリＨ",
							"type":	0,
							"valueInt":	1,
							"valueString":	""
						}, {
							"@type":	"KeyValuePair",
							"key":	"回想再生／パルプテンクス／目隠しＨ",
							"type":	0,
							"valueInt":	1,
							"valueString":	""
						}, {
							"@type":	"KeyValuePair",
							"key":	"回想再生／ヒカリ／狂気Ｈ",
							"type":	0,
							"valueInt":	1,
							"valueString":	""
						}, {
							"@type":	"KeyValuePair",
							"key":	"回想再生／マリス／命令Ｈ",
							"type":	0,
							"valueInt":	1,
							"valueString":	""
						}, {
							"@type":	"KeyValuePair",
							"key":	"回想再生／ミリー／眼鏡Ｈ",
							"type":	0,
							"valueInt":	1,
							"valueString":	""
						}, {
							"@type":	"KeyValuePair",
							"key":	"回想再生／ミリー／強盗",
							"type":	0,
							"valueInt":	1,
							"valueString":	""
						}, {
							"@type":	"KeyValuePair",
							"key":	"回想再生／メナド／墓地Ｈ",
							"type":	0,
							"valueInt":	1,
							"valueString":	""
						}, {
							"@type":	"KeyValuePair",
							"key":	"回想再生／ユキ／姉妹Ｈ",
							"type":	0,
							"valueInt":	1,
							"valueString":	""
						}, {
							"@type":	"KeyValuePair",
							"key":	"回想再生／ユラン／控え室Ｈ／膣外射精",
							"type":	0,
							"valueInt":	1,
							"valueString":	""
						}, {
							"@type":	"KeyValuePair",
							"key":	"回想再生／ユラン／控え室Ｈ／膣内射精",
							"type":	0,
							"valueInt":	1,
							"valueString":	""
						}, {
							"@type":	"KeyValuePair",
							"key":	"回想再生／ユラン／輪姦Ｈ",
							"type":	0,
							"valueInt":	1,
							"valueString":	""
						}, {
							"@type":	"KeyValuePair",
							"key":	"回想再生／リア／制裁Ｈ",
							"type":	0,
							"valueInt":	1,
							"valueString":	""
						}, {
							"@type":	"KeyValuePair",
							"key":	"回想再生／リア／大制裁Ｈ",
							"type":	0,
							"valueInt":	1,
							"valueString":	""
						}, {
							"@type":	"KeyValuePair",
							"key":	"回想再生／回想／シィル／魔法",
							"type":	0,
							"valueInt":	1,
							"valueString":	""
						}, {
							"@type":	"KeyValuePair",
							"key":	"回想再生／回想／ラベンダー／拷問Ｈ",
							"type":	0,
							"valueInt":	1,
							"valueString":	""
						}, {
							"@type":	"KeyValuePair",
							"key":	"回想再生／回想／美樹／パンツＨ",
							"type":	0,
							"valueInt":	4,
							"valueString":	""
						}, {
							"@type":	"KeyValuePair",
							"key":	"回想再生／回想／葉月／ストリップＨ",
							"type":	0,
							"valueInt":	1,
							"valueString":	""
						}, {
							"@type":	"KeyValuePair",
							"key":	"回想再生／公園／シィル",
							"type":	0,
							"valueInt":	1,
							"valueString":	""
						}, {
							"@type":	"KeyValuePair",
							"key":	"回想再生／女の子モンスター／へびさん",
							"type":	0,
							"valueInt":	1,
							"valueString":	""
						}, {
							"@type":	"KeyValuePair",
							"key":	"回想再生／女の子モンスター／スモッグシルフ",
							"type":	0,
							"valueInt":	1,
							"valueString":	""
						}, {
							"@type":	"KeyValuePair",
							"key":	"回想再生／女の子モンスター／ゾンビエルフ",
							"type":	0,
							"valueInt":	1,
							"valueString":	""
						}, {
							"@type":	"KeyValuePair",
							"key":	"回想再生／女の子モンスター／ハチ女",
							"type":	0,
							"valueInt":	1,
							"valueString":	""
						}, {
							"@type":	"KeyValuePair",
							"key":	"回想再生／女の子モンスター／ビギニングへびさん",
							"type":	0,
							"valueInt":	1,
							"valueString":	""
						}, {
							"@type":	"KeyValuePair",
							"key":	"回想再生／女の子モンスター／ピクシーフォックス",
							"type":	0,
							"valueInt":	1,
							"valueString":	""
						}, {
							"@type":	"KeyValuePair",
							"key":	"回想再生／女の子モンスター／フィールドリンクス",
							"type":	0,
							"valueInt":	1,
							"valueString":	""
						}, {
							"@type":	"KeyValuePair",
							"key":	"回想再生／女の子モンスター／フィシャースネーク",
							"type":	0,
							"valueInt":	1,
							"valueString":	""
						}, {
							"@type":	"KeyValuePair",
							"key":	"回想再生／女の子モンスター／プールポニー",
							"type":	0,
							"valueInt":	1,
							"valueString":	""
						}, {
							"@type":	"KeyValuePair",
							"key":	"回想再生／女の子モンスター／マジスコ",
							"type":	0,
							"valueInt":	1,
							"valueString":	""
						}, {
							"@type":	"KeyValuePair",
							"key":	"回想再生／女の子モンスター／マジスコレトロ",
							"type":	0,
							"valueInt":	1,
							"valueString":	""
						}, {
							"@type":	"KeyValuePair",
							"key":	"回想再生／女の子モンスター／再生ゾンビエルフ",
							"type":	0,
							"valueInt":	1,
							"valueString":	""
						}, {
							"@type":	"KeyValuePair",
							"key":	"回想再生／女の子モンスター／再生再生ゾンビエルフ",
							"type":	0,
							"valueInt":	1,
							"valueString":	""
						}, {
							"@type":	"KeyValuePair",
							"key":	"回想再生／女の子モンスター／再生再生再生ゾンビエルフ",
							"type":	0,
							"valueInt":	1,
							"valueString":	""
						}, {
							"@type":	"KeyValuePair",
							"key":	"回想再生／女の子モンスター／集団ハチ女",
							"type":	0,
							"valueInt":	1,
							"valueString":	""
						}, {
							"@type":	"KeyValuePair",
							"key":	"回想再生／女の子モンスター／夜のピクシーフォックス",
							"type":	0,
							"valueInt":	1,
							"valueString":	""
						}, {
							"@type":	"KeyValuePair",
							"key":	"回想再生／奈美／客室Ｈ",
							"type":	0,
							"valueInt":	1,
							"valueString":	""
						}, {
							"@type":	"KeyValuePair",
							"key":	"回想再生／忍者／ランチ",
							"type":	0,
							"valueInt":	1,
							"valueString":	""
						}, {
							"@type":	"KeyValuePair",
							"key":	"回想再生／忍者／警告",
							"type":	0,
							"valueInt":	1,
							"valueString":	""
						}, {
							"@type":	"KeyValuePair",
							"key":	"回想再生／忍者／指入れＨ",
							"type":	0,
							"valueInt":	1,
							"valueString":	""
						}, {
							"@type":	"KeyValuePair",
							"key":	"回想再生／墓地／初回／戦闘後",
							"type":	0,
							"valueInt":	1,
							"valueString":	""
						}, {
							"@type":	"KeyValuePair",
							"key":	"回想再生／葉月／トイレＨ",
							"type":	0,
							"valueInt":	1,
							"valueString":	""
						}, {
							"@type":	"KeyValuePair",
							"key":	"最大ゴールド",
							"type":	0,
							"valueInt":	143912,
							"valueString":	""
						}, {
							"@type":	"KeyValuePair",
							"key":	"最大レベル",
							"type":	0,
							"valueInt":	100,
							"valueString":	""
						}, {
							"@type":	"KeyValuePair",
							"key":	"死因／奈美",
							"type":	0,
							"valueInt":	496,
							"valueString":	""
						}, {
							"@type":	"KeyValuePair",
							"key":	"勝利／MONS001",
							"type":	0,
							"valueInt":	10,
							"valueString":	""
						}, {
							"@type":	"KeyValuePair",
							"key":	"勝利／MONS002",
							"type":	0,
							"valueInt":	3,
							"valueString":	""
						}, {
							"@type":	"KeyValuePair",
							"key":	"勝利／MONS005",
							"type":	0,
							"valueInt":	6,
							"valueString":	""
						}, {
							"@type":	"KeyValuePair",
							"key":	"勝利／MONS009",
							"type":	0,
							"valueInt":	7,
							"valueString":	""
						}, {
							"@type":	"KeyValuePair",
							"key":	"勝利／MONS013",
							"type":	0,
							"valueInt":	6,
							"valueString":	""
						}, {
							"@type":	"KeyValuePair",
							"key":	"勝利／MONS014",
							"type":	0,
							"valueInt":	71,
							"valueString":	""
						}, {
							"@type":	"KeyValuePair",
							"key":	"勝利／MONS015",
							"type":	0,
							"valueInt":	22,
							"valueString":	""
						}, {
							"@type":	"KeyValuePair",
							"key":	"勝利／MONS017",
							"type":	0,
							"valueInt":	4,
							"valueString":	""
						}, {
							"@type":	"KeyValuePair",
							"key":	"勝利／MONS021",
							"type":	0,
							"valueInt":	8,
							"valueString":	""
						}, {
							"@type":	"KeyValuePair",
							"key":	"勝利／MONS025",
							"type":	0,
							"valueInt":	5,
							"valueString":	""
						}, {
							"@type":	"KeyValuePair",
							"key":	"勝利／MONS029",
							"type":	0,
							"valueInt":	7,
							"valueString":	""
						}, {
							"@type":	"KeyValuePair",
							"key":	"勝利／MONS033",
							"type":	0,
							"valueInt":	3,
							"valueString":	""
						}, {
							"@type":	"KeyValuePair",
							"key":	"勝利／MONS037",
							"type":	0,
							"valueInt":	5,
							"valueString":	""
						}, {
							"@type":	"KeyValuePair",
							"key":	"勝利／MONS041",
							"type":	0,
							"valueInt":	19,
							"valueString":	""
						}, {
							"@type":	"KeyValuePair",
							"key":	"勝利／MONS045",
							"type":	0,
							"valueInt":	23,
							"valueString":	""
						}, {
							"@type":	"KeyValuePair",
							"key":	"勝利／MONS046",
							"type":	0,
							"valueInt":	23,
							"valueString":	""
						}, {
							"@type":	"KeyValuePair",
							"key":	"勝利／MONS101",
							"type":	0,
							"valueInt":	86,
							"valueString":	""
						}, {
							"@type":	"KeyValuePair",
							"key":	"勝利／MONS102",
							"type":	0,
							"valueInt":	28,
							"valueString":	""
						}, {
							"@type":	"KeyValuePair",
							"key":	"勝利／MONS105",
							"type":	0,
							"valueInt":	150,
							"valueString":	""
						}, {
							"@type":	"KeyValuePair",
							"key":	"勝利／MONS109",
							"type":	0,
							"valueInt":	96,
							"valueString":	""
						}, {
							"@type":	"KeyValuePair",
							"key":	"勝利／MONS110",
							"type":	0,
							"valueInt":	89,
							"valueString":	""
						}, {
							"@type":	"KeyValuePair",
							"key":	"勝利／MONS111",
							"type":	0,
							"valueInt":	16,
							"valueString":	""
						}, {
							"@type":	"KeyValuePair",
							"key":	"勝利／MONS113",
							"type":	0,
							"valueInt":	75,
							"valueString":	""
						}, {
							"@type":	"KeyValuePair",
							"key":	"勝利／MONS117",
							"type":	0,
							"valueInt":	28,
							"valueString":	""
						}, {
							"@type":	"KeyValuePair",
							"key":	"勝利／MONS121",
							"type":	0,
							"valueInt":	39,
							"valueString":	""
						}, {
							"@type":	"KeyValuePair",
							"key":	"勝利／MONS125",
							"type":	0,
							"valueInt":	40,
							"valueString":	""
						}, {
							"@type":	"KeyValuePair",
							"key":	"勝利／MONS129",
							"type":	0,
							"valueInt":	6,
							"valueString":	""
						}, {
							"@type":	"KeyValuePair",
							"key":	"勝利／MONS133",
							"type":	0,
							"valueInt":	53,
							"valueString":	""
						}, {
							"@type":	"KeyValuePair",
							"key":	"勝利／MONS137",
							"type":	0,
							"valueInt":	78,
							"valueString":	""
						}, {
							"@type":	"KeyValuePair",
							"key":	"勝利／MONS141",
							"type":	0,
							"valueInt":	48,
							"valueString":	""
						}, {
							"@type":	"KeyValuePair",
							"key":	"勝利／MONS145",
							"type":	0,
							"valueInt":	95,
							"valueString":	""
						}, {
							"@type":	"KeyValuePair",
							"key":	"勝利／MONS149",
							"type":	0,
							"valueInt":	76,
							"valueString":	""
						}, {
							"@type":	"KeyValuePair",
							"key":	"勝利／MONS150",
							"type":	0,
							"valueInt":	20,
							"valueString":	""
						}, {
							"@type":	"KeyValuePair",
							"key":	"勝利／MONS153",
							"type":	0,
							"valueInt":	8,
							"valueString":	""
						}, {
							"@type":	"KeyValuePair",
							"key":	"勝利／MONS157",
							"type":	0,
							"valueInt":	5,
							"valueString":	""
						}, {
							"@type":	"KeyValuePair",
							"key":	"勝利／MONS161",
							"type":	0,
							"valueInt":	12,
							"valueString":	""
						}, {
							"@type":	"KeyValuePair",
							"key":	"勝利／MONS165",
							"type":	0,
							"valueInt":	13,
							"valueString":	""
						}, {
							"@type":	"KeyValuePair",
							"key":	"勝利／MONS169",
							"type":	0,
							"valueInt":	52,
							"valueString":	""
						}, {
							"@type":	"KeyValuePair",
							"key":	"勝利／MONS173",
							"type":	0,
							"valueInt":	14,
							"valueString":	""
						}, {
							"@type":	"KeyValuePair",
							"key":	"勝利／MONS201",
							"type":	0,
							"valueInt":	88,
							"valueString":	""
						}, {
							"@type":	"KeyValuePair",
							"key":	"勝利／MONS205",
							"type":	0,
							"valueInt":	42,
							"valueString":	""
						}, {
							"@type":	"KeyValuePair",
							"key":	"勝利／MONS206",
							"type":	0,
							"valueInt":	9,
							"valueString":	""
						}, {
							"@type":	"KeyValuePair",
							"key":	"勝利／MONS209",
							"type":	0,
							"valueInt":	73,
							"valueString":	""
						}, {
							"@type":	"KeyValuePair",
							"key":	"勝利／MONS213",
							"type":	0,
							"valueInt":	49,
							"valueString":	""
						}, {
							"@type":	"KeyValuePair",
							"key":	"勝利／MONS301",
							"type":	0,
							"valueInt":	6,
							"valueString":	""
						}, {
							"@type":	"KeyValuePair",
							"key":	"勝利／MONS305",
							"type":	0,
							"valueInt":	15,
							"valueString":	""
						}, {
							"@type":	"KeyValuePair",
							"key":	"勝利／MONS309",
							"type":	0,
							"valueInt":	70,
							"valueString":	""
						}, {
							"@type":	"KeyValuePair",
							"key":	"勝利／MONS310",
							"type":	0,
							"valueInt":	1,
							"valueString":	""
						}, {
							"@type":	"KeyValuePair",
							"key":	"勝利／MONS313",
							"type":	0,
							"valueInt":	9,
							"valueString":	""
						}, {
							"@type":	"KeyValuePair",
							"key":	"勝利／MONS317",
							"type":	0,
							"valueInt":	12,
							"valueString":	""
						}, {
							"@type":	"KeyValuePair",
							"key":	"勝利／MONS321",
							"type":	0,
							"valueInt":	35,
							"valueString":	""
						}, {
							"@type":	"KeyValuePair",
							"key":	"勝利／MONS401",
							"type":	0,
							"valueInt":	57,
							"valueString":	""
						}, {
							"@type":	"KeyValuePair",
							"key":	"勝利／MONS402",
							"type":	0,
							"valueInt":	31,
							"valueString":	""
						}, {
							"@type":	"KeyValuePair",
							"key":	"勝利／MONS405",
							"type":	0,
							"valueInt":	10,
							"valueString":	""
						}, {
							"@type":	"KeyValuePair",
							"key":	"勝利／MONS409",
							"type":	0,
							"valueInt":	42,
							"valueString":	""
						}, {
							"@type":	"KeyValuePair",
							"key":	"勝利／MONS413",
							"type":	0,
							"valueInt":	137,
							"valueString":	""
						}, {
							"@type":	"KeyValuePair",
							"key":	"勝利／MONS414",
							"type":	0,
							"valueInt":	32,
							"valueString":	""
						}, {
							"@type":	"KeyValuePair",
							"key":	"勝利／MONS417",
							"type":	0,
							"valueInt":	73,
							"valueString":	""
						}, {
							"@type":	"KeyValuePair",
							"key":	"勝利／MONS418",
							"type":	0,
							"valueInt":	59,
							"valueString":	""
						}, {
							"@type":	"KeyValuePair",
							"key":	"勝利／MONS421",
							"type":	0,
							"valueInt":	24,
							"valueString":	""
						}, {
							"@type":	"KeyValuePair",
							"key":	"勝利／MONS425",
							"type":	0,
							"valueInt":	23,
							"valueString":	""
						}, {
							"@type":	"KeyValuePair",
							"key":	"勝利／MONS426",
							"type":	0,
							"valueInt":	9,
							"valueString":	""
						}, {
							"@type":	"KeyValuePair",
							"key":	"勝利／MONS429",
							"type":	0,
							"valueInt":	91,
							"valueString":	""
						}, {
							"@type":	"KeyValuePair",
							"key":	"勝利／MONS433",
							"type":	0,
							"valueInt":	20,
							"valueString":	""
						}, {
							"@type":	"KeyValuePair",
							"key":	"勝利／MONS434",
							"type":	0,
							"valueInt":	15,
							"valueString":	""
						}, {
							"@type":	"KeyValuePair",
							"key":	"勝利／MONS435",
							"type":	0,
							"valueInt":	9,
							"valueString":	""
						}, {
							"@type":	"KeyValuePair",
							"key":	"勝利／MONS436",
							"type":	0,
							"valueInt":	9,
							"valueString":	""
						}, {
							"@type":	"KeyValuePair",
							"key":	"勝利／MONS437",
							"type":	0,
							"valueInt":	23,
							"valueString":	""
						}, {
							"@type":	"KeyValuePair",
							"key":	"勝利／MONS441",
							"type":	0,
							"valueInt":	4,
							"valueString":	""
						}, {
							"@type":	"KeyValuePair",
							"key":	"勝利／MONS442",
							"type":	0,
							"valueInt":	4,
							"valueString":	""
						}, {
							"@type":	"KeyValuePair",
							"key":	"勝利／MONS443",
							"type":	0,
							"valueInt":	8,
							"valueString":	""
						}, {
							"@type":	"KeyValuePair",
							"key":	"勝利／MONS445",
							"type":	0,
							"valueInt":	20,
							"valueString":	""
						}, {
							"@type":	"KeyValuePair",
							"key":	"勝利／MONS446",
							"type":	0,
							"valueInt":	19,
							"valueString":	""
						}, {
							"@type":	"KeyValuePair",
							"key":	"勝利／MONS447",
							"type":	0,
							"valueInt":	22,
							"valueString":	""
						}, {
							"@type":	"KeyValuePair",
							"key":	"勝利／MONS448",
							"type":	0,
							"valueInt":	18,
							"valueString":	""
						}, {
							"@type":	"KeyValuePair",
							"key":	"勝利／MONS449",
							"type":	0,
							"valueInt":	6,
							"valueString":	""
						}, {
							"@type":	"KeyValuePair",
							"key":	"城壁登頂",
							"type":	0,
							"valueInt":	1,
							"valueString":	""
						}, {
							"@type":	"KeyValuePair",
							"key":	"状態異常[興奮]",
							"type":	0,
							"valueInt":	139,
							"valueString":	""
						}, {
							"@type":	"KeyValuePair",
							"key":	"状態異常[結石]",
							"type":	0,
							"valueInt":	53,
							"valueString":	""
						}, {
							"@type":	"KeyValuePair",
							"key":	"状態異常[幻聴]",
							"type":	0,
							"valueInt":	144,
							"valueString":	""
						}, {
							"@type":	"KeyValuePair",
							"key":	"状態異常[接収]",
							"type":	0,
							"valueInt":	40,
							"valueString":	""
						}, {
							"@type":	"KeyValuePair",
							"key":	"状態異常[鍛錬]",
							"type":	0,
							"valueInt":	49,
							"valueString":	""
						}, {
							"@type":	"KeyValuePair",
							"key":	"状態異常[徹夜]",
							"type":	0,
							"valueInt":	117,
							"valueString":	""
						}, {
							"@type":	"KeyValuePair",
							"key":	"状態異常[内股]",
							"type":	0,
							"valueInt":	219,
							"valueString":	""
						}, {
							"@type":	"KeyValuePair",
							"key":	"状態異常[迷子]",
							"type":	0,
							"valueInt":	132,
							"valueString":	""
						}, {
							"@type":	"KeyValuePair",
							"key":	"戦闘／逃げる",
							"type":	0,
							"valueInt":	4,
							"valueString":	""
						}, {
							"@type":	"KeyValuePair",
							"key":	"戦闘回数",
							"type":	0,
							"valueInt":	2589,
							"valueString":	""
						}, {
							"@type":	"KeyValuePair",
							"key":	"倉庫を開いた",
							"type":	0,
							"valueInt":	151,
							"valueString":	""
						}, {
							"@type":	"KeyValuePair",
							"key":	"敗北／MONS014",
							"type":	0,
							"valueInt":	1,
							"valueString":	""
						}, {
							"@type":	"KeyValuePair",
							"key":	"敗北／MONS105",
							"type":	0,
							"valueInt":	4,
							"valueString":	""
						}, {
							"@type":	"KeyValuePair",
							"key":	"敗北／MONS117",
							"type":	0,
							"valueInt":	3,
							"valueString":	""
						}, {
							"@type":	"KeyValuePair",
							"key":	"敗北／MONS145",
							"type":	0,
							"valueInt":	2,
							"valueString":	""
						}, {
							"@type":	"KeyValuePair",
							"key":	"敗北／MONS310",
							"type":	0,
							"valueInt":	1,
							"valueString":	""
						}, {
							"@type":	"KeyValuePair",
							"key":	"敗北／MONS402",
							"type":	0,
							"valueInt":	5,
							"valueString":	""
						}, {
							"@type":	"KeyValuePair",
							"key":	"敗北／MONS409",
							"type":	0,
							"valueInt":	1,
							"valueString":	""
						}, {
							"@type":	"KeyValuePair",
							"key":	"敗北／MONS418",
							"type":	0,
							"valueInt":	8,
							"valueString":	""
						}, {
							"@type":	"KeyValuePair",
							"key":	"敗北／MONS441",
							"type":	0,
							"valueInt":	1,
							"valueString":	""
						}, {
							"@type":	"KeyValuePair",
							"key":	"表彰状／スタンプ[0]",
							"type":	0,
							"valueInt":	1,
							"valueString":	""
						}, {
							"@type":	"KeyValuePair",
							"key":	"表彰状／スタンプ[1]",
							"type":	0,
							"valueInt":	1,
							"valueString":	""
						}, {
							"@type":	"KeyValuePair",
							"key":	"表彰状／スタンプ[2]",
							"type":	0,
							"valueInt":	1,
							"valueString":	""
						}, {
							"@type":	"KeyValuePair",
							"key":	"表彰状／スタンプ[3]",
							"type":	0,
							"valueInt":	1,
							"valueString":	""
						}, {
							"@type":	"KeyValuePair",
							"key":	"表彰状／スタンプ[4]",
							"type":	0,
							"valueInt":	1,
							"valueString":	""
						}, {
							"@type":	"KeyValuePair",
							"key":	"表彰状／スタンプ[5]",
							"type":	0,
							"valueInt":	1,
							"valueString":	""
						}, {
							"@type":	"KeyValuePair",
							"key":	"表彰状／スタンプ[6]",
							"type":	0,
							"valueInt":	1,
							"valueString":	""
						}, {
							"@type":	"KeyValuePair",
							"key":	"表彰状／スタンプ[7]",
							"type":	0,
							"valueInt":	1,
							"valueString":	""
						}, {
							"@type":	"KeyValuePair",
							"key":	"表彰状／スタンプ[8]",
							"type":	0,
							"valueInt":	1,
							"valueString":	""
						}, {
							"@type":	"KeyValuePair",
							"key":	"表彰状／スタンプ[9]",
							"type":	0,
							"valueInt":	1,
							"valueString":	""
						}, {
							"@type":	"KeyValuePair",
							"key":	"表彰状／最短豪遊クリア日数",
							"type":	0,
							"valueInt":	34,
							"valueString":	""
						}, {
							"@type":	"KeyValuePair",
							"key":	"表彰状／最低クリアレベル",
							"type":	0,
							"valueInt":	20,
							"valueString":	""
						}, {
							"@type":	"KeyValuePair",
							"key":	"表彰状／最低クリア日数",
							"type":	0,
							"valueInt":	28,
							"valueString":	""
						}]
				},
				"isGlobalMode_":	true
			}
		}],
	"struct_defs":	[{
			"name":	"KeyValuePair",
			"fields":	[{
					"type":	12,
					"name":	"key"
				}, {
					"type":	10,
					"name":	"type"
				}, {
					"type":	10,
					"name":	"valueInt"
				}, {
					"type":	12,
					"name":	"valueString"
				}]
		}, {
			"name":	"GameFlagMap",
			"fields":	[{
					"type":	17,
					"name":	"pair_"
				}, {
					"type":	47,
					"name":	"isGlobalMode_"
				}]
		}],
	"encrypted":	false,
	"compression_level":	1
}